"Path","Slice Name","Alias(s)","Label","Min","Max","Must Support?","Is Modifier?","Is Summary?","Type(s)","Short","Definition","Comments","Requirements","Default Value","Meaning When Missing","Fixed Value","Pattern","Example","Minimum Value","Maximum Value","Maximum Length","Binding Strength","Binding Description","Binding Value Set","Code","Slicing Discriminator","Slicing Description","Slicing Ordered","Slicing Rules","Base Path","Base Min","Base Max","Condition(s)","Constraint(s)","Mapping: RIM Mapping","Mapping: W5 Mapping","Mapping: Object Implementation Information","Mapping: HL7 v2 Mapping"
"Questionnaire","","Form
CRFSurvey","",0,*,"","","","","A structured set of questions","A structured set of questions intended to guide the collection of answers from end-users. Questionnaires provide detailed control over order, presentation, phraseology and grouping to allow coherent, consistent data collection.","","","","","","","","","",,,,,"",,,,"Questionnaire",0,*,"","dom-2:If the resource is contained in another resource, it SHALL NOT contain nested Resources {contained.contained.empty()}
dom-1:If the resource is contained in another resource, it SHALL NOT contain any narrative {contained.text.empty()}dom-4:If a resource is contained in another resource, it SHALL NOT have a meta.versionId or a meta.lastUpdated {contained.meta.versionId.empty() and contained.meta.lastUpdated.empty()}dom-3:If the resource is contained in another resource, it SHALL be referred to from elsewhere in the resource {contained.where(('#'+id in %resource.descendants().reference).not()).empty()}que-2:The link ids for groups and questions must be unique within the questionnaire {descendants().linkId.isDistinct()}","Entity. Role, or Act","Observation[moodCode=DEF]","infrastructure.information"
"Questionnaire.id","","","",0,1,"","","Y","id
","Logical id of this artifact","The logical id of the resource, as used in the URL for the resource. Once assigned, this value never changes.","The only time that a resource does not have an id is when it is being submitted to the server using a create operation.","","","","","","","","",,,,,"",,,,"Resource.id",0,1,"",""
"Questionnaire.meta","","","",0,1,"","","Y","Meta
","Metadata about the resource","The metadata about the resource. This is content that is maintained by the infrastructure. Changes to the content may not always be associated with version changes to the resource.","","","","","","","","","",,,,,"",,,,"Resource.meta",0,1,"",""
"Questionnaire.implicitRules","","","",0,1,"","Y","Y","uri
","A set of rules under which this content was created","A reference to a set of rules that were followed when the resource was constructed, and which must be understood when processing the content.","Asserting this rule set restricts the content to be only understood by a limited set of trading partners. This inherently limits the usefulness of the data in the long term. However, the existing health eco-system is highly fractured, and not yet ready to define, collect, and exchange data in a generally computable sense. Wherever possible, implementers and/or specification writers should avoid using this element. 

This element is labelled as a modifier because the implicit rules may provide additional knowledge about the resource that modifies it's meaning or interpretation.","","","","","","","","",,,,,"",,,,"Resource.implicitRules",0,1,"",""
"Questionnaire.language","","","",0,1,"","","","code
","Language of the resource content","The base language in which the resource is written.","Language is provided to support indexing and accessibility (typically, services such as text to speech use the language tag). The html language tag in the narrative applies  to the narrative. The language tag on the resource may be used to specify the language of other presentations generated from the data in the resource  Not all the content has to be in the base language. The Resource.language should not be assumed to apply to the narrative automatically. If a language is specified, it should it also be specified on the div element in the html (see rules in HTML5 for information about the relationship between xml:lang and the html lang attribute).","","","","","","","","",,"extensible","A human language.","http://hl7.org/fhir/ValueSet/languages","",,,,"Resource.language",0,1,"",""
"Questionnaire.text","","narrative
htmlxhtmldisplay","",0,1,"","","","Narrative
","Text summary of the resource, for human interpretation","A human-readable narrative that contains a summary of the resource, and may be used to represent the content of the resource to a human. The narrative need not encode all the structured data, but is required to contain sufficient detail to make it ""clinically safe"" for a human to just read the narrative. Resource definitions may define what content should be represented in the narrative to ensure clinical safety.","Contained resources do not have narrative. Resources that are not contained SHOULD have a narrative. In some cases, a resource may only have text with little or no additional discrete data (as long as all minOccurs=1 elements are satisfied).  This may be necessary for data from legacy systems where information is captured as a ""text blob"" or where text is additionally entered raw or narrated and encoded in formation is added later.","","","","","","","","",,,,,"",,,,"DomainResource.text",0,1,"dom-1
","","Act.text?"
"Questionnaire.contained","","inline resources
anonymous resourcescontained resources","",0,*,"","","","Resource
","Contained, inline Resources","These resources do not have an independent existence apart from the resource that contains them - they cannot be identified independently, and nor can they have their own independent transaction scope.","This should never be done when the content can be identified properly, as once identification is lost, it is extremely difficult (and context dependent) to restore it again.","","","","","","","","",,,,,"",,,,"DomainResource.contained",0,*,"","","N/A"
"Questionnaire.extension","","extensions
user content","",0,*,"","","","Extension
","Additional Content defined by implementations","May be used to represent additional information that is not part of the basic definition of the resource. In order to make the use of extensions safe and manageable, there is a strict set of governance  applied to the definition and use of extensions. Though any implementer is allowed to define an extension, there is a set of requirements that SHALL be met as part of the definition of the extension.","There can be no stigma associated with the use of extensions by any application, project, or standard - regardless of the institution or jurisdiction that uses or defines the extensions.  The use of extensions is what allows the FHIR specification to retain a core level of simplicity for everyone.","","","","","","","","",,,,,"",,,,"DomainResource.extension",0,*,"","","N/A"
"Questionnaire.modifierExtension","","extensions
user content","",0,*,"","Y","","Extension
","Extensions that cannot be ignored","May be used to represent additional information that is not part of the basic definition of the resource, and that modifies the understanding of the element that contains it. Usually modifier elements provide negation or qualification. In order to make the use of extensions safe and manageable, there is a strict set of governance applied to the definition and use of extensions. Though any implementer is allowed to define an extension, there is a set of requirements that SHALL be met as part of the definition of the extension. Applications processing a resource are required to check for modifier extensions.","There can be no stigma associated with the use of extensions by any application, project, or standard - regardless of the institution or jurisdiction that uses or defines the extensions.  The use of extensions is what allows the FHIR specification to retain a core level of simplicity for everyone.","","","","","","","","",,,,,"",,,,"DomainResource.modifierExtension",0,*,"","","N/A"
"Questionnaire.url","","","",0,1,"","","Y","uri
","Logical URI to reference this questionnaire (globally unique)","An absolute URI that is used to identify this questionnaire when it is referenced in a specification, model, design or an instance. This SHALL be a URL, SHOULD be globally unique, and SHOULD be an address at which this questionnaire is (or will be) published. The URL SHOULD include the major version of the questionnaire. For more information see [Technical and Business Versions](resource.html#versions).","Can be a urn:uuid: or a urn:oid:, but real http: addresses are preferred.  Multiple instances may share the same url if they have a distinct version.","â€¦  This is the id that will be used to link a QuestionnaireResponse to the Questionnaire the response is for.","","","","","","","",,,,,"",,,,"Questionnaire.url",0,1,"","",".identifier[scope=BUSN;reliability=ISS]","id"
"Questionnaire.identifier","","","",0,*,"","","Y","Identifier
","Additional identifier for the questionnaire","A formal identifier that is used to identify this questionnaire when it is represented in other formats, or referenced in a specification, model, design or an instance.","Typically, this is used for identifiers that can go in an HL7 V3 II (instance identifier) data type, e.g., to identify this questionnaire outside of FHIR, where it is not possible to use the logical URI.","Allows externally provided and/or usable business identifiers to be easily associated with the module.","","","","","","","",,,,,"",,,,"Questionnaire.identifier",0,*,"","",".identifier","id","no-gen-base"
"Questionnaire.version","","","",0,1,"","","Y","string
","Business version of the questionnaire","The identifier that is used to identify this version of the questionnaire when it is referenced in a specification, model, design or instance. This is an arbitrary value managed by the questionnaire author and is not expected to be globally unique. For example, it might be a timestamp (e.g. yyyymmdd) if a managed version is not available. There is also no expectation that versions can be placed in a lexicographical sequence.","There may be different questionnaire instances that have the same identifier but different versions.  The version can be appended to the url in a reference to allow a refrence to a particular business version of the questionnaire with the format [url]|[version].","","","","","","","","",,,,,"",,,,"Questionnaire.version",0,1,"","","N/A (to add?)","id.version"
"Questionnaire.name","","","",0,1,"","","Y","string
","Name for this questionnaire (computer friendly)","A natural language name identifying the questionnaire. This name should be usable as an identifier for the module by machine processing applications such as code generation.","The name is not expected to be globally unique. The name should be a simple alpha-numeric type name to ensure that it is computable friendly.","Support human navigation and code generation.","","","","","","","",,,,,"",,,,"Questionnaire.name",0,1,"","","N/A"
"Questionnaire.title","","","",0,1,"","","Y","string
","Name for this questionnaire (human friendly)","A short, descriptive, user-friendly title for the questionnaire.","This name does not need to be machine-processing friendly and may contain punctuation, white-space, etc.","","","","","","","","",,,,,"",,,,"Questionnaire.title",0,1,"","",".title"
"Questionnaire.status","","","",1,1,"","Y","Y","code
","draft | active | retired | unknown","The status of this questionnaire. Enables tracking the life-cycle of the content.","Allows filtering of questionnaires that are appropriate for use vs. not.  
This is labeled as ""Is Modifier"" because applications should not use a retired questionnaire without due consideration.","","","","","","","","",,"required","The lifecycle status of a Value Set or Concept Map.","http://hl7.org/fhir/ValueSet/publication-status","",,,,"Questionnaire.status",1,1,"","",".status","status"
"Questionnaire.experimental","","","",0,1,"","Y","Y","boolean
","For testing purposes, not real usage","A boolean value to indicate that this questionnaire is authored for testing purposes (or education/evaluation/marketing), and is not intended to be used for genuine usage.","Allows filtering of questionnaire that are appropriate for use vs. not. This is labeled as ""Is Modifier"" because applications should not use an experimental questionnaire in production.","Enables experimental content to be developed following the same lifecycle that would be used for a production-level questionnaire.","","","","","","","",,,,,"",,,,"Questionnaire.experimental",0,1,"","","N/A","class"
"Questionnaire.date","","Revision Date
","",0,1,"","","Y","dateTime
","Date this was last changed","The date  (and optionally time) when the questionnaire was published. The date must change if and when the business version changes and it must change if the status code changes. In addition, it should change when the substantive content of the questionnaire changes.","Note that this is not the same as the resource last-modified-date, since the resource may be a secondary representation of the questionnaire. Additional specific dates may be added as extensions or be found by consulting Provenances associated with past versions of the resource.","","","","","","","","",,,,,"",,,,"Questionnaire.date",0,1,"","",".participation[typeCode=AUT].time","when.recorded"
"Questionnaire.publisher","","","",0,1,"","","Y","string
","Name of the publisher (organization or individual)","The name of the individual or organization that published the questionnaire.","Usually an organization, but may be an individual. The publisher (or steward) of the questionnaire is the organization or individual primarily responsible for the maintenance and upkeep of the questionnaire. This is not necessarily the same individual or organization that developed and initially authored the content. The publisher is the primary point of contact for questions or issues with the questionnaire. This item SHOULD be populated unless the information is available from context.","Helps establish the ""authority/credibility"" of the questionnaire.  May also allow for contact.","","","","","","","",,,,,"",,,,"Questionnaire.publisher",0,1,"","",".participation[typeCode=AUT].role","who.witness"
"Questionnaire.description","","","",0,1,"","","","markdown
","Natural language description of the questionnaire","A free text natural language description of the questionnaire from a consumer's perspective.","This description can be used to capture details such as why the questionnaire was built, comments about misuse, instructions for clinical use and interpretation, literature references, examples from the paper world, etc. It is not a rendering of the questionnaire as conveyed in the 'text' field of the resource itself. This item SHOULD be populated unless the information is available from context (e.g. the language of the profile is presumed to be the predominant language in the place the profile was created).","","","","","","","","",,,,,"",,,,"Questionnaire.description",0,1,"","",".text"
"Questionnaire.purpose","","","",0,1,"","","","markdown
","Why this questionnaire is defined","Explaination of why this questionnaire is needed and why it has been designed as it has.","This element does not describe the usage of the questionnaire Instead  it provides traceability of ''why'' the resource is either needed or ''why'' it is defined as it is.  This may be used to point to source materials or specifications that drove the structure of this questionnaire.","","","","","","","","",,,,,"",,,,"Questionnaire.purpose",0,1,"","",".reasonCode.text","why","no-gen-base"
"Questionnaire.approvalDate","","","",0,1,"","","","date
","When the questionnaire was approved by publisher","The date on which the resource content was approved by the publisher. Approval happens once when the content is officially approved for usage.","The 'date' element may be more recent than the approval date because of minor changes / editorial corrections.","","","","","","","","",,,,,"",,,,"Questionnaire.approvalDate",0,1,"","",".outboundRelationship[typeCode=""SUBJ""].act[classCode=CACT;moodCode=EVN;code=""approval""].effectiveTime","no-gen-base"
"Questionnaire.lastReviewDate","","","",0,1,"","","","date
","When the questionnaire was last reviewed","The date on which the resource content was last reviewed. Review happens periodically after approval, but doesn't change the original approval date.","If specified, this is usually after the approval date.","Gives a sense of how ""current"" the content is.  Resources that have not been reviewed in a long time may have a risk of being less appropriate/relevant.","","","","","","","",,,,,"",,,,"Questionnaire.lastReviewDate",0,1,"","",".outboundRelationship[typeCode=""SUBJ""; subsetCode=""RECENT""].act[classCode=CACT;moodCode=EVN;code=""review""].effectiveTime","no-gen-base"
"Questionnaire.effectivePeriod","","","",0,1,"","","Y","Period
","When the questionnaire is expected to be used","The period during which the questionnaire content was or is planned to be in active use.","The effective period for a questionnaire  determines when the content is applicable for usage and is independent of publication and review dates. For example, a measure intended to be used for the year 2016 might be published in 2015.","Allows establishing a transition before a resource comes into effect and also allows for a sunsetting  process when new versions of a the questionnaire are or are expected to be used instead.","","","","","","","",,,,,"",,,,"Questionnaire.effectivePeriod",0,1,"","","N/A (to add?)","no-gen-base"
"Questionnaire.useContext","","","",0,*,"","","Y","UsageContext
","Context the content is intended to support","The content was developed with a focus and intent of supporting the contexts that are listed. These terms may be used to assist with indexing and searching for appropriate questionnaire instances.","When multiple useContexts are specified, there is no expectation whether all or any of the contexts apply.","Assist in searching for appropriate content.","","","","","","","",,,,,"",,,,"Questionnaire.useContext",0,*,"","","N/A (to add?)"
"Questionnaire.jurisdiction","","","",0,*,"","","Y","CodeableConcept
","Intended jurisdiction for questionnaire (if applicable)","A legal or geographic region in which the questionnaire is intended to be used.","It may be possible for the questionnaire to be used in jurisdictions other than those for which it was originally designed or intended.","","","","","","","","",,"extensible","Countries and regions within which this artifact is targeted for use","http://hl7.org/fhir/ValueSet/jurisdiction","",,,,"Questionnaire.jurisdiction",0,*,"","","N/A (to add?)"
"Questionnaire.contact","","","",0,*,"","","Y","ContactDetail
","Contact details for the publisher","Contact details to assist a user in finding and communicating with the publisher.","May be a web site, an email address, a telephone number, etc.","","","","","","","","",,,,,"",,,,"Questionnaire.contact",0,*,"","",".participation[typeCode=CALLBCK].role"
"Questionnaire.copyright","","License
Restrictions","",0,1,"","","","markdown
","Use and/or publishing restrictions","A copyright statement relating to the questionnaire and/or its contents. Copyright statements are generally legal restrictions on the use and publishing of the questionnaire.","","Consumers must be able to determine any legal restrictions on the use of the questionnaire and/or its content.","","","","","","","",,,,,"",,,,"Questionnaire.copyright",0,1,"","","N/A (to add?)","no-gen-base"
"Questionnaire.code","","","",1,1,"","","Y","Coding
","code","SHALL contain exactly one [1..1] code=""51897-7"" Healthcare Associated Infection Report Document (CodeSystem: LOINC http://loinc.org) (CONF:3347-270).","","Allows linking of the complete Questionnaire resources to formal terminologies.  It's common for ""panels"" of questions to be identified by a code.","","","","<valueCoding xmlns=""http://hl7.org/fhir"">
  <system value=""http://loinc.org""/>
  <code value=""51897-7""/>
</valueCoding>","","","",,"example","Codes for questionnaires, groups and individual questions","http://hl7.org/fhir/ValueSet/questionnaire-questions","",,,,"Questionnaire.code",0,*,"","",".code"
"Questionnaire.subjectType","","","",0,*,"","","Y","code
","Resource that can be subject of QuestionnaireResponse","The types of subjects that can be the subject of responses created for the questionnaire.","If none are specified, then the subject is unlimited.","","","","","","","","",,"required","One of the resource types defined as part of FHIR.","http://hl7.org/fhir/ValueSet/resource-types","",,,,"Questionnaire.subjectType",0,*,"","",".outboundRelationship[typeCode=META].target[classCode=OBS, moodCode=DEFN, isCriterion=true].participation.role.classCode"
"Questionnaire.item","","","",0,*,"","","","BackboneElement
","Questions and sections within the Questionnaire","SHALL contain at least one [1..*] item (CONF:3347-272) such that it","The content of the questionnaire is constructed from an ordered, hierarchical collection of items.","","","","","","","","",,,,,"","value:extension}
","",,"open","Questionnaire.item",0,*,"que-3
","ele-1:All FHIR elements must have a @value or children {hasValue() | (children().count() > id.count())}
que-9:Read-only can't be specified for ""display"" items {type!='display' or readOnly.empty()}que-8:Default values can't be specified for groups or display items {(type!='group' and type!='display') or initial.empty()}que-6:Required and repeat aren't permitted for display items {type!='display' or (required.empty() and repeats.empty())}que-5:Only 'choice' items can have options {(type ='choice' or type = 'open-choice') or (options.empty() and option.empty())}que-4:A question cannot have both option and options {option.empty() or options.empty()}que-3:Display items cannot have a ""code"" asserted {type!='display' or code.empty()}que-10:Maximum length can only be declared for simple question types {(type in ('boolean' | 'decimal' | 'integer' | 'string' | 'text' | 'url')) or maxLength.empty()}que-1:Group items must have nested items, display items cannot have nested items {(type='group' implies item.empty().not()) and (type.trace('type')='display' implies item.trace('item').empty())}",".outboundRelationship[typeCode=COMP].target[classCode=OBS, moodCode=DEF]"
"Questionnaire.item.id","","","",0,1,"","","","string
","xml:id (or equivalent in JSON)","unique id for the element within a resource (for internal references). This may be any string value that does not contain spaces.","","","","","","","","","",,,,,"",,,,"Element.id",0,1,"","","n/a"
"Questionnaire.item.extension","","extensions
user content","",0,*,"","","","Extension
","Additional Content defined by implementations","May be used to represent additional information that is not part of the basic definition of the element. In order to make the use of extensions safe and manageable, there is a strict set of governance  applied to the definition and use of extensions. Though any implementer is allowed to define an extension, there is a set of requirements that SHALL be met as part of the definition of the extension.","There can be no stigma associated with the use of extensions by any application, project, or standard - regardless of the institution or jurisdiction that uses or defines the extensions.  The use of extensions is what allows the FHIR specification to retain a core level of simplicity for everyone.","","","","","","","","",,,,,"",,,,"Element.extension",0,*,"","","n/a"
"Questionnaire.item.modifierExtension","","extensions
user contentmodifiers","",0,*,"","Y","Y","Extension
","Extensions that cannot be ignored","May be used to represent additional information that is not part of the basic definition of the element, and that modifies the understanding of the element that contains it. Usually modifier elements provide negation or qualification. In order to make the use of extensions safe and manageable, there is a strict set of governance applied to the definition and use of extensions. Though any implementer is allowed to define an extension, there is a set of requirements that SHALL be met as part of the definition of the extension. Applications processing a resource are required to check for modifier extensions.","There can be no stigma associated with the use of extensions by any application, project, or standard - regardless of the institution or jurisdiction that uses or defines the extensions.  The use of extensions is what allows the FHIR specification to retain a core level of simplicity for everyone.","","","","","","","","",,,,,"",,,,"BackboneElement.modifierExtension",0,*,"","","N/A"
"Questionnaire.item.linkId","","","",1,1,"","","","string
","Unique id for item in questionnaire","An identifier that is unique within the Questionnaire allowing linkage to the equivalent item in a QuestionnaireResponse resource.","This ''can'' be a meaningful identifier (e.g. a LOINC code) but is not intended to have any meaning.  GUIDs or sequential numbers are appropriate here.","[QuestionnaireResponse](questionnaireresponse.html#) does not require omitted items to be included and may have some items that repeat, so linkage based on position alone is not sufficient.","","","","","","","",,,,,"",,,,"Questionnaire.item.linkId",1,1,"","",".id"
"Questionnaire.item.definition","","","",0,1,"","","","uri
","ElementDefinition - details for the item","A reference to an [ElementDefinition](elementdefinition.html) that provides the details for the item. If a definition is provided, then the following element values can be inferred from the definition: 

* code (ElementDefinition.code)
* type (ElementDefinition.type)
* required (ElementDefinition.min)
* repeats (ElementDefinition.max)
* maxLength (ElementDefinition.maxLength)
* options (ElementDefinition.binding)

Any information provided in these elements on a Questionnaire Item overrides the information from the definition.","the URI refers to an ElementDefinition in [StructureDefinition](structuredefinition.html#) and always starts with the canonical URL for the target resource. When referring to a StructureDefinition, a fragment identifier is used to specify the element definition by its id [Element.id](element-definitions.html#Element.id). E.g. http://hl7.org/fhir/StructureDefinition/Observation#Observation.value[x]. In the absence of a fragment identifier, the first/root element definition in the target is the matching element definition.","A common pattern is to define a set of data elements and then build multiple questionnaires for different circumstances to gather the data. This element provides traceability to the common definition and allows the content for the question to come from the underlying definition.","","","","","","","",,,,,"",,,,"Questionnaire.item.definition",0,1,"","",".outboundRelationship[typeCode=INST].target[classCode=OBS, moodCode=DEF]"
"Questionnaire.item.code","","","",0,*,"","","Y","Coding
","Corresponding concept for this item in a terminology","A terminology code that corresponds to this group or question (e.g. a code from LOINC, which defines many questions and answers).","The value may come from the ElementDefinition referred to by .definition.","Allows linking of groups of questions to formal terminologies.","","","","","","","",,"example","Codes for questionnaires, groups and individual questions","http://hl7.org/fhir/ValueSet/questionnaire-questions","",,,,"Questionnaire.item.code",0,*,"que-3
","",".code"
"Questionnaire.item.prefix","","label
","",0,1,"","","","string
","E.g. ""1(a)"", ""2.5.3""","A short label for a particular group, question or set of display text within the questionnaire used for reference by the individual completing the questionnaire.","These are generally unique within a questionnaire, though this is not guaranteed. Some questionnaires may have multiple questions with the same label with logic to control which gets exposed.

Typically these won't be used for ""display"" items, though such use is not prohibited.

Systems SHOULD NOT generate their own prefixes if prefixes are defined for any items within a Questionnaire.","Separating the label from the question text allows improved rendering.  Also, instructions will often refer to specific prefixes, so there's a need for the questionnaire design to have control over what labels are used.","","","","","","","",,,,,"",,,,"Questionnaire.item.prefix",0,1,"","","Not supported"
"Questionnaire.item.text","","","",0,1,"","","Y","string
","Primary text for the item","The name of a section, the text of a question or text content for a display item.","","","","","","","","","",,,,,"",,,,"Questionnaire.item.text",0,1,"","",".text"
"Questionnaire.item.type","","","",1,1,"","","","code
","group | display | boolean | decimal | integer | date | dateTime +","The type of questionnaire item this is - whether text for display, a grouping of other items or a particular type of data to be captured (string, integer, coded choice, etc.).","Additional constraints on the type of answer can be conveyed by extensions. The value may come from the ElementDefinition referred to by .definition.","Defines the format in which the user is to be prompted for the answer.","","","","","","","",,"required","Distinguishes groups from questions and display text and indicates data type for questions","http://hl7.org/fhir/ValueSet/item-type","",,,,"Questionnaire.item.type",1,1,"","","N/A - MIF rather than RIM level"
"Questionnaire.item.enableWhen","","","",0,*,"","Y","Y","BackboneElement
","Only allow data when","A constraint indicating that this item should only be enabled (displayed/allow answers to be captured) when the specified condition is true.","If multiple repetitions of this extension are present, the item should be enabled when the condition for *any* of the repetitions is true.  I.e. treat ""enableWhen""s as being joined by an ""or"" clause.

This element is a modifier because if enableWhen is present for an item, ""required"" is ignored unless one of the enableWhen conditions is met.","Allows questionnaires to adapt based on answers to other questions. E.g. If physical gender is specified as a male, no need to capture pregnancy history.  Also allows conditional display of instructions or groups of questions.","","","","","","","",,,,,"",,,,"Questionnaire.item.enableWhen",0,*,"","ele-1:All FHIR elements must have a @value or children {hasValue() | (children().count() > id.count())}
que-7:enableWhen must contain either a 'answer' or a 'hasAnswer' element {hasAnswer.exists() xor answer.exists()}","N/A - MIF rather than RIM level"
"Questionnaire.item.enableWhen.id","","","",0,1,"","","","string
","xml:id (or equivalent in JSON)","unique id for the element within a resource (for internal references). This may be any string value that does not contain spaces.","","","","","","","","","",,,,,"",,,,"Element.id",0,1,"","","n/a"
"Questionnaire.item.enableWhen.extension","","extensions
user content","",0,*,"","","","Extension
","Additional Content defined by implementations","May be used to represent additional information that is not part of the basic definition of the element. In order to make the use of extensions safe and manageable, there is a strict set of governance  applied to the definition and use of extensions. Though any implementer is allowed to define an extension, there is a set of requirements that SHALL be met as part of the definition of the extension.","There can be no stigma associated with the use of extensions by any application, project, or standard - regardless of the institution or jurisdiction that uses or defines the extensions.  The use of extensions is what allows the FHIR specification to retain a core level of simplicity for everyone.","","","","","","","","",,,,,"",,,,"Element.extension",0,*,"","","n/a"
"Questionnaire.item.enableWhen.modifierExtension","","extensions
user contentmodifiers","",0,*,"","Y","Y","Extension
","Extensions that cannot be ignored","May be used to represent additional information that is not part of the basic definition of the element, and that modifies the understanding of the element that contains it. Usually modifier elements provide negation or qualification. In order to make the use of extensions safe and manageable, there is a strict set of governance applied to the definition and use of extensions. Though any implementer is allowed to define an extension, there is a set of requirements that SHALL be met as part of the definition of the extension. Applications processing a resource are required to check for modifier extensions.","There can be no stigma associated with the use of extensions by any application, project, or standard - regardless of the institution or jurisdiction that uses or defines the extensions.  The use of extensions is what allows the FHIR specification to retain a core level of simplicity for everyone.","","","","","","","","",,,,,"",,,,"BackboneElement.modifierExtension",0,*,"","","N/A"
"Questionnaire.item.enableWhen.question","","","",1,1,"","","","string
","Question that determines whether item is enabled","The linkId for the question whose answer (or lack of answer) governs whether this item is enabled.","If multiple question occurrences are present for the same question (same linkId), then this refers to the nearest question occurrence reachable by tracing first the ""ancestor"" axis and then the ""preceding"" axis and then the ""following"" axis.","","","","","","","","",,,,,"",,,,"Questionnaire.item.enableWhen.question",1,1,"","","N/A - MIF rather than RIM level"
"Questionnaire.item.enableWhen.hasAnswer","","","",0,1,"","","","boolean
","Enable when answered or not","An indication that this item should be enabled only if the specified question is answered (hasAnswer=true) or not answered (hasAnswer=false).","If answered=false and answer values are also provided, then they are treated as ""or"".  I.e. ""Enable if the question is unanswered or the answer is one of the specified values"".  If answered=true and answers are present, one of the specified answers must be met. (So there's little reason to specify answered=true if answers are present.).","","","","","","","","",,,,,"",,,,"Questionnaire.item.enableWhen.hasAnswer",0,1,"que-7
","","N/A - MIF rather than RIM level"
"Questionnaire.item.enableWhen.answer[x]","","","",0,1,"","","","boolean
decimalintegerdatedateTimetimestringuriAttachmentCodingQuantityReference {http://hl7.org/fhir/StructureDefinition/Resource}","Value question must have","An answer that the referenced question must match in order for the item to be enabled.","Multiple answers are treated as ""or"".  E.g. Enable if question 1 = A, C or E.  

Components not specified in the answer do not need to match.  For example, if enableWhen specifies code + system for a Coding, it is ok if the answer has a ""display"" element.  I.e. treat the answer as a 'pattern'.

The dataType of this element must be the same as the data type of the question being referenced.","","","","","","","","",,"example","Allowed values to answer questions.","http://hl7.org/fhir/ValueSet/questionnaire-answers","",,,,"Questionnaire.item.enableWhen.answer[x]",0,1,"que-7
","","N/A - MIF rather than RIM level"
"Questionnaire.item.required","","","",0,1,"","","","boolean
","Whether the item must be included in data results","An indication, if true, that the item must be present in a ""completed"" QuestionnaireResponse.  If false, the item may be skipped when answering the questionnaire.","Questionnaire.item.required only has meaning for elements that are conditionally enabled with enableWhen if the condition evaluates to true.  If an item that contains other items is marked as required, that does not automatically make the contained elements required (though required groups must contain at least one child element). The value may come from the ElementDefinition referred to by .definition.","","<valueBoolean xmlns=""http://hl7.org/fhir"" value=""false""/>","","","","","","",,,,,"",,,,"Questionnaire.item.required",0,1,"que-6
","","N/A - MIF rather than RIM level"
"Questionnaire.item.repeats","","","",0,1,"","","","boolean
","Whether the item may repeat","An indication, if true, that the item may occur multiple times in the response, collecting multiple answers answers for questions or multiple sets of answers for groups.","If a question is marked as repeats=true, then multiple answers can be provided for the question in the corresponding QuestionnaireResponse.  When rendering the questionnaire, it is up to the rendering software whether to render the question text for each answer repetition or to simply list each of the answers beneath the question.  (Which is most appropriate visually may depend on the type of answer as well as whether there are nested items.). The value may come from the ElementDefinition referred to by .definition.","Items may be used to create set of (related) questions that can be repeated to give multiple answers to such a set.","<valueBoolean xmlns=""http://hl7.org/fhir"" value=""false""/>","","","","","","",,,,,"",,,,"Questionnaire.item.repeats",0,1,"que-6
","","N/A - MIF rather than RIM level"
"Questionnaire.item.readOnly","","","",0,1,"","","","boolean
","Don't allow human editing","An indication, when true, that the value cannot be changed by a human respondent to the Questionnaire.","The value of readOnly elements can be established by asserting  extensions for defaultValues, linkages that support pre-population and/or extensions that support calculation based on other answers.","Allows certain information to be phrased (and rendered) as a question and an answer, while keeping users from changing it.  May also be useful for preventing changes to pre-populated portions of a questionnaire, for calculated values, etc.","","","","","","","",,,,,"",,,,"Questionnaire.item.readOnly",0,1,"que-9
","","N/A - MIF rather than RIM level"
"Questionnaire.item.maxLength","","","",0,1,"","","","integer
","No more than this many characters","The maximum number of characters that are permitted in the answer to be considered a ""valid"" QuestionnaireResponse.","For base64binary, reflects the number of characters representing the encoded data, not the number of bytes of the binary data. The value may come from the ElementDefinition referred to by .definition.","","","","","","","","",,,,,"",,,,"Questionnaire.item.maxLength",0,1,"que-10
","","N/A - MIF rather than RIM level","N/A"
"Questionnaire.item.options","","","",0,1,"","","","Reference {http://hl7.org/fhir/StructureDefinition/ValueSet}
","Valueset containing permitted answers","A reference to a value set containing a list of codes representing permitted answers for a ""choice"" or ""open-choice"" question.","LOINC defines many useful value sets for questionnaire responses. See [LOINC Answer Lists](loinc.html#alist). The value may come from the ElementDefinition referred to by .definition.","","","","","","","","",,,,,"",,,,"Questionnaire.item.options",0,1,"que-4
que-5","","N/A - MIF rather than RIM level"
"Questionnaire.item.option","","","",0,*,"","","","BackboneElement
","Permitted answer","One of the permitted answers for a ""choice"" or ""open-choice"" question.","This element can be used when the value set machinery of options is deemed too cumbersome or when there's a need to capture options that are not codes.","","","","","","","","",,,,,"",,,,"Questionnaire.item.option",0,*,"que-4
que-5","ele-1:All FHIR elements must have a @value or children {hasValue() | (children().count() > id.count())}
","N/A - MIF rather than RIM level"
"Questionnaire.item.option.id","","","",0,1,"","","","string
","xml:id (or equivalent in JSON)","unique id for the element within a resource (for internal references). This may be any string value that does not contain spaces.","","","","","","","","","",,,,,"",,,,"Element.id",0,1,"","","n/a"
"Questionnaire.item.option.extension","","extensions
user content","",0,*,"","","","Extension
","Additional Content defined by implementations","May be used to represent additional information that is not part of the basic definition of the element. In order to make the use of extensions safe and manageable, there is a strict set of governance  applied to the definition and use of extensions. Though any implementer is allowed to define an extension, there is a set of requirements that SHALL be met as part of the definition of the extension.","There can be no stigma associated with the use of extensions by any application, project, or standard - regardless of the institution or jurisdiction that uses or defines the extensions.  The use of extensions is what allows the FHIR specification to retain a core level of simplicity for everyone.","","","","","","","","",,,,,"",,,,"Element.extension",0,*,"","","n/a"
"Questionnaire.item.option.modifierExtension","","extensions
user contentmodifiers","",0,*,"","Y","Y","Extension
","Extensions that cannot be ignored","May be used to represent additional information that is not part of the basic definition of the element, and that modifies the understanding of the element that contains it. Usually modifier elements provide negation or qualification. In order to make the use of extensions safe and manageable, there is a strict set of governance applied to the definition and use of extensions. Though any implementer is allowed to define an extension, there is a set of requirements that SHALL be met as part of the definition of the extension. Applications processing a resource are required to check for modifier extensions.","There can be no stigma associated with the use of extensions by any application, project, or standard - regardless of the institution or jurisdiction that uses or defines the extensions.  The use of extensions is what allows the FHIR specification to retain a core level of simplicity for everyone.","","","","","","","","",,,,,"",,,,"BackboneElement.modifierExtension",0,*,"","","N/A"
"Questionnaire.item.option.value[x]","","","",1,1,"","","","integer
datetimestringCoding","Answer value","A potential answer that's allowed as the answer to this question.","The data type of the value must agree with the item.type.","","","","","","","","",,"example","Allowed values to answer questions.","http://hl7.org/fhir/ValueSet/questionnaire-answers","",,,,"Questionnaire.item.option.value[x]",1,1,"","","N/A - MIF rather than RIM level"
"Questionnaire.item.initial[x]","","","",0,1,"","","","boolean
decimalintegerdatedateTimetimestringuriAttachmentCodingQuantityReference {http://hl7.org/fhir/StructureDefinition/Resource}","Default value when item is first rendered","The value that should be defaulted when initially rendering the questionnaire for user input.","The user is allowed to change the value and override the default (unless marked as read-only). If the user doesn't change the value, then this initial value will be persisted when the QuestionnaireResponse is initially created.  Note that default values can influence results.

The data type of initial[x] must agree with the item.type.","In some workflows, having defaults saves time.","","","","","","","",,"example","Allowed values to answer questions.","http://hl7.org/fhir/ValueSet/questionnaire-answers","",,,,"Questionnaire.item.initial[x]",0,1,"que-8
","","N/A - MIF rather than RIM level"
"Questionnaire.item.item","","","",0,*,"","","","","Nested questionnaire items","Text, questions and other groups to be nested beneath a question or group.","There is no specified limit to the depth of nesting.  However, Questionnaire authors are encouraged to consider the impact on the user and user interface of overly deep nesting.","Reports can consist of complex nested groups.","","","","","","","",,,,,"",,,,"Questionnaire.item.item",0,*,"que-1
","",".outboundRelationship[typeCode=COMP].target"
"Questionnaire.item","item2","","",1,1,"","","","BackboneElement
","item","SHALL contain exactly one [1..1] item (CONF:3347-269) such that it","The content of the questionnaire is constructed from an ordered, hierarchical collection of items.","","","","","","","","",,,,,"",,,,"Questionnaire.item",0,*,"que-3
","ele-1:All FHIR elements must have a @value or children {hasValue() | (children().count() > id.count())}
que-9:Read-only can't be specified for ""display"" items {type!='display' or readOnly.empty()}que-8:Default values can't be specified for groups or display items {(type!='group' and type!='display') or initial.empty()}que-6:Required and repeat aren't permitted for display items {type!='display' or (required.empty() and repeats.empty())}que-5:Only 'choice' items can have options {(type ='choice' or type = 'open-choice') or (options.empty() and option.empty())}que-4:A question cannot have both option and options {option.empty() or options.empty()}que-3:Display items cannot have a ""code"" asserted {type!='display' or code.empty()}que-10:Maximum length can only be declared for simple question types {(type in ('boolean' | 'decimal' | 'integer' | 'string' | 'text' | 'url')) or maxLength.empty()}que-1:Group items must have nested items, display items cannot have nested items {(type='group' implies item.empty().not()) and (type.trace('type')='display' implies item.trace('item').empty())}",".outboundRelationship[typeCode=COMP].target[classCode=OBS, moodCode=DEF]"
"Questionnaire.item.id","","","",0,1,"","","","string
","xml:id (or equivalent in JSON)","unique id for the element within a resource (for internal references). This may be any string value that does not contain spaces.","","","","","","","","","",,,,,"",,,,"Element.id",0,1,"","","n/a"
"Questionnaire.item.extension","","","",1,1,"","","","Extension {http://hl7.org/fhir/StructureDefinition/questionnaire-allowedProfile}
","extension","SHALL contain exactly one [1..1] allowedProfile (identifier: http://hl7.org/fhir/StructureDefinition/questionnaire-allowedProfile) (CONF:3347-271).","","","","","","","","","",,,,,"",,,,"Element.extension",0,*,"ele-1
","ele-1:All FHIR elements must have a @value or children {hasValue() | (children().count() > id.count())}
ext-1:Must have either extensions or value[x], not both {extension.exists() != value.exists()}"
"Questionnaire.item.modifierExtension","","extensions
user contentmodifiers","",0,*,"","Y","Y","Extension
","Extensions that cannot be ignored","May be used to represent additional information that is not part of the basic definition of the element, and that modifies the understanding of the element that contains it. Usually modifier elements provide negation or qualification. In order to make the use of extensions safe and manageable, there is a strict set of governance applied to the definition and use of extensions. Though any implementer is allowed to define an extension, there is a set of requirements that SHALL be met as part of the definition of the extension. Applications processing a resource are required to check for modifier extensions.","There can be no stigma associated with the use of extensions by any application, project, or standard - regardless of the institution or jurisdiction that uses or defines the extensions.  The use of extensions is what allows the FHIR specification to retain a core level of simplicity for everyone.","","","","","","","","",,,,,"",,,,"BackboneElement.modifierExtension",0,*,"","","N/A"
"Questionnaire.item.linkId","","","",1,1,"","","","string
","Unique id for item in questionnaire","An identifier that is unique within the Questionnaire allowing linkage to the equivalent item in a QuestionnaireResponse resource.","This ''can'' be a meaningful identifier (e.g. a LOINC code) but is not intended to have any meaning.  GUIDs or sequential numbers are appropriate here.","[QuestionnaireResponse](questionnaireresponse.html#) does not require omitted items to be included and may have some items that repeat, so linkage based on position alone is not sufficient.","","","","","","","",,,,,"",,,,"Questionnaire.item.linkId",1,1,"","",".id"
"Questionnaire.item.definition","","","",0,1,"","","","uri
","ElementDefinition - details for the item","A reference to an [ElementDefinition](elementdefinition.html) that provides the details for the item. If a definition is provided, then the following element values can be inferred from the definition: 

* code (ElementDefinition.code)
* type (ElementDefinition.type)
* required (ElementDefinition.min)
* repeats (ElementDefinition.max)
* maxLength (ElementDefinition.maxLength)
* options (ElementDefinition.binding)

Any information provided in these elements on a Questionnaire Item overrides the information from the definition.","the URI refers to an ElementDefinition in [StructureDefinition](structuredefinition.html#) and always starts with the canonical URL for the target resource. When referring to a StructureDefinition, a fragment identifier is used to specify the element definition by its id [Element.id](element-definitions.html#Element.id). E.g. http://hl7.org/fhir/StructureDefinition/Observation#Observation.value[x]. In the absence of a fragment identifier, the first/root element definition in the target is the matching element definition.","A common pattern is to define a set of data elements and then build multiple questionnaires for different circumstances to gather the data. This element provides traceability to the common definition and allows the content for the question to come from the underlying definition.","","","","","","","",,,,,"",,,,"Questionnaire.item.definition",0,1,"","",".outboundRelationship[typeCode=INST].target[classCode=OBS, moodCode=DEF]"
"Questionnaire.item.code","","","",0,*,"","","Y","Coding
","Corresponding concept for this item in a terminology","A terminology code that corresponds to this group or question (e.g. a code from LOINC, which defines many questions and answers).","The value may come from the ElementDefinition referred to by .definition.","Allows linking of groups of questions to formal terminologies.","","","","","","","",,"example","Codes for questionnaires, groups and individual questions","http://hl7.org/fhir/ValueSet/questionnaire-questions","",,,,"Questionnaire.item.code",0,*,"que-3
","",".code"
"Questionnaire.item.prefix","","label
","",0,1,"","","","string
","E.g. ""1(a)"", ""2.5.3""","A short label for a particular group, question or set of display text within the questionnaire used for reference by the individual completing the questionnaire.","These are generally unique within a questionnaire, though this is not guaranteed. Some questionnaires may have multiple questions with the same label with logic to control which gets exposed.

Typically these won't be used for ""display"" items, though such use is not prohibited.

Systems SHOULD NOT generate their own prefixes if prefixes are defined for any items within a Questionnaire.","Separating the label from the question text allows improved rendering.  Also, instructions will often refer to specific prefixes, so there's a need for the questionnaire design to have control over what labels are used.","","","","","","","",,,,,"",,,,"Questionnaire.item.prefix",0,1,"","","Not supported"
"Questionnaire.item.text","","","",0,1,"","","Y","string
","Primary text for the item","The name of a section, the text of a question or text content for a display item.","","","","","","","","","",,,,,"",,,,"Questionnaire.item.text",0,1,"","",".text"
"Questionnaire.item.type","","","",1,1,"","","","code
","group | display | boolean | decimal | integer | date | dateTime +","The type of questionnaire item this is - whether text for display, a grouping of other items or a particular type of data to be captured (string, integer, coded choice, etc.).","Additional constraints on the type of answer can be conveyed by extensions. The value may come from the ElementDefinition referred to by .definition.","Defines the format in which the user is to be prompted for the answer.","","","","","","","",,"required","Distinguishes groups from questions and display text and indicates data type for questions","http://hl7.org/fhir/ValueSet/item-type","",,,,"Questionnaire.item.type",1,1,"","","N/A - MIF rather than RIM level"
"Questionnaire.item.enableWhen","","","",0,*,"","Y","Y","BackboneElement
","Only allow data when","A constraint indicating that this item should only be enabled (displayed/allow answers to be captured) when the specified condition is true.","If multiple repetitions of this extension are present, the item should be enabled when the condition for *any* of the repetitions is true.  I.e. treat ""enableWhen""s as being joined by an ""or"" clause.

This element is a modifier because if enableWhen is present for an item, ""required"" is ignored unless one of the enableWhen conditions is met.","Allows questionnaires to adapt based on answers to other questions. E.g. If physical gender is specified as a male, no need to capture pregnancy history.  Also allows conditional display of instructions or groups of questions.","","","","","","","",,,,,"",,,,"Questionnaire.item.enableWhen",0,*,"","ele-1:All FHIR elements must have a @value or children {hasValue() | (children().count() > id.count())}
que-7:enableWhen must contain either a 'answer' or a 'hasAnswer' element {hasAnswer.exists() xor answer.exists()}","N/A - MIF rather than RIM level"
"Questionnaire.item.enableWhen.id","","","",0,1,"","","","string
","xml:id (or equivalent in JSON)","unique id for the element within a resource (for internal references). This may be any string value that does not contain spaces.","","","","","","","","","",,,,,"",,,,"Element.id",0,1,"","","n/a"
"Questionnaire.item.enableWhen.extension","","extensions
user content","",0,*,"","","","Extension
","Additional Content defined by implementations","May be used to represent additional information that is not part of the basic definition of the element. In order to make the use of extensions safe and manageable, there is a strict set of governance  applied to the definition and use of extensions. Though any implementer is allowed to define an extension, there is a set of requirements that SHALL be met as part of the definition of the extension.","There can be no stigma associated with the use of extensions by any application, project, or standard - regardless of the institution or jurisdiction that uses or defines the extensions.  The use of extensions is what allows the FHIR specification to retain a core level of simplicity for everyone.","","","","","","","","",,,,,"",,,,"Element.extension",0,*,"","","n/a"
"Questionnaire.item.enableWhen.modifierExtension","","extensions
user contentmodifiers","",0,*,"","Y","Y","Extension
","Extensions that cannot be ignored","May be used to represent additional information that is not part of the basic definition of the element, and that modifies the understanding of the element that contains it. Usually modifier elements provide negation or qualification. In order to make the use of extensions safe and manageable, there is a strict set of governance applied to the definition and use of extensions. Though any implementer is allowed to define an extension, there is a set of requirements that SHALL be met as part of the definition of the extension. Applications processing a resource are required to check for modifier extensions.","There can be no stigma associated with the use of extensions by any application, project, or standard - regardless of the institution or jurisdiction that uses or defines the extensions.  The use of extensions is what allows the FHIR specification to retain a core level of simplicity for everyone.","","","","","","","","",,,,,"",,,,"BackboneElement.modifierExtension",0,*,"","","N/A"
"Questionnaire.item.enableWhen.question","","","",1,1,"","","","string
","Question that determines whether item is enabled","The linkId for the question whose answer (or lack of answer) governs whether this item is enabled.","If multiple question occurrences are present for the same question (same linkId), then this refers to the nearest question occurrence reachable by tracing first the ""ancestor"" axis and then the ""preceding"" axis and then the ""following"" axis.","","","","","","","","",,,,,"",,,,"Questionnaire.item.enableWhen.question",1,1,"","","N/A - MIF rather than RIM level"
"Questionnaire.item.enableWhen.hasAnswer","","","",0,1,"","","","boolean
","Enable when answered or not","An indication that this item should be enabled only if the specified question is answered (hasAnswer=true) or not answered (hasAnswer=false).","If answered=false and answer values are also provided, then they are treated as ""or"".  I.e. ""Enable if the question is unanswered or the answer is one of the specified values"".  If answered=true and answers are present, one of the specified answers must be met. (So there's little reason to specify answered=true if answers are present.).","","","","","","","","",,,,,"",,,,"Questionnaire.item.enableWhen.hasAnswer",0,1,"que-7
","","N/A - MIF rather than RIM level"
"Questionnaire.item.enableWhen.answer[x]","","","",0,1,"","","","boolean
decimalintegerdatedateTimetimestringuriAttachmentCodingQuantityReference {http://hl7.org/fhir/StructureDefinition/Resource}","Value question must have","An answer that the referenced question must match in order for the item to be enabled.","Multiple answers are treated as ""or"".  E.g. Enable if question 1 = A, C or E.  

Components not specified in the answer do not need to match.  For example, if enableWhen specifies code + system for a Coding, it is ok if the answer has a ""display"" element.  I.e. treat the answer as a 'pattern'.

The dataType of this element must be the same as the data type of the question being referenced.","","","","","","","","",,"example","Allowed values to answer questions.","http://hl7.org/fhir/ValueSet/questionnaire-answers","",,,,"Questionnaire.item.enableWhen.answer[x]",0,1,"que-7
","","N/A - MIF rather than RIM level"
"Questionnaire.item.required","","","",0,1,"","","","boolean
","Whether the item must be included in data results","An indication, if true, that the item must be present in a ""completed"" QuestionnaireResponse.  If false, the item may be skipped when answering the questionnaire.","Questionnaire.item.required only has meaning for elements that are conditionally enabled with enableWhen if the condition evaluates to true.  If an item that contains other items is marked as required, that does not automatically make the contained elements required (though required groups must contain at least one child element). The value may come from the ElementDefinition referred to by .definition.","","<valueBoolean xmlns=""http://hl7.org/fhir"" value=""false""/>","","","","","","",,,,,"",,,,"Questionnaire.item.required",0,1,"que-6
","","N/A - MIF rather than RIM level"
"Questionnaire.item.repeats","","","",0,1,"","","","boolean
","Whether the item may repeat","An indication, if true, that the item may occur multiple times in the response, collecting multiple answers answers for questions or multiple sets of answers for groups.","If a question is marked as repeats=true, then multiple answers can be provided for the question in the corresponding QuestionnaireResponse.  When rendering the questionnaire, it is up to the rendering software whether to render the question text for each answer repetition or to simply list each of the answers beneath the question.  (Which is most appropriate visually may depend on the type of answer as well as whether there are nested items.). The value may come from the ElementDefinition referred to by .definition.","Items may be used to create set of (related) questions that can be repeated to give multiple answers to such a set.","<valueBoolean xmlns=""http://hl7.org/fhir"" value=""false""/>","","","","","","",,,,,"",,,,"Questionnaire.item.repeats",0,1,"que-6
","","N/A - MIF rather than RIM level"
"Questionnaire.item.readOnly","","","",0,1,"","","","boolean
","Don't allow human editing","An indication, when true, that the value cannot be changed by a human respondent to the Questionnaire.","The value of readOnly elements can be established by asserting  extensions for defaultValues, linkages that support pre-population and/or extensions that support calculation based on other answers.","Allows certain information to be phrased (and rendered) as a question and an answer, while keeping users from changing it.  May also be useful for preventing changes to pre-populated portions of a questionnaire, for calculated values, etc.","","","","","","","",,,,,"",,,,"Questionnaire.item.readOnly",0,1,"que-9
","","N/A - MIF rather than RIM level"
"Questionnaire.item.maxLength","","","",0,1,"","","","integer
","No more than this many characters","The maximum number of characters that are permitted in the answer to be considered a ""valid"" QuestionnaireResponse.","For base64binary, reflects the number of characters representing the encoded data, not the number of bytes of the binary data. The value may come from the ElementDefinition referred to by .definition.","","","","","","","","",,,,,"",,,,"Questionnaire.item.maxLength",0,1,"que-10
","","N/A - MIF rather than RIM level","N/A"
"Questionnaire.item.options","","","",0,1,"","","","Reference {http://hl7.org/fhir/StructureDefinition/ValueSet}
","Valueset containing permitted answers","A reference to a value set containing a list of codes representing permitted answers for a ""choice"" or ""open-choice"" question.","LOINC defines many useful value sets for questionnaire responses. See [LOINC Answer Lists](loinc.html#alist). The value may come from the ElementDefinition referred to by .definition.","","","","","","","","",,,,,"",,,,"Questionnaire.item.options",0,1,"que-4
que-5","","N/A - MIF rather than RIM level"
"Questionnaire.item.option","","","",0,*,"","","","BackboneElement
","Permitted answer","One of the permitted answers for a ""choice"" or ""open-choice"" question.","This element can be used when the value set machinery of options is deemed too cumbersome or when there's a need to capture options that are not codes.","","","","","","","","",,,,,"",,,,"Questionnaire.item.option",0,*,"que-4
que-5","ele-1:All FHIR elements must have a @value or children {hasValue() | (children().count() > id.count())}
","N/A - MIF rather than RIM level"
"Questionnaire.item.option.id","","","",0,1,"","","","string
","xml:id (or equivalent in JSON)","unique id for the element within a resource (for internal references). This may be any string value that does not contain spaces.","","","","","","","","","",,,,,"",,,,"Element.id",0,1,"","","n/a"
"Questionnaire.item.option.extension","","extensions
user content","",0,*,"","","","Extension
","Additional Content defined by implementations","May be used to represent additional information that is not part of the basic definition of the element. In order to make the use of extensions safe and manageable, there is a strict set of governance  applied to the definition and use of extensions. Though any implementer is allowed to define an extension, there is a set of requirements that SHALL be met as part of the definition of the extension.","There can be no stigma associated with the use of extensions by any application, project, or standard - regardless of the institution or jurisdiction that uses or defines the extensions.  The use of extensions is what allows the FHIR specification to retain a core level of simplicity for everyone.","","","","","","","","",,,,,"",,,,"Element.extension",0,*,"","","n/a"
"Questionnaire.item.option.modifierExtension","","extensions
user contentmodifiers","",0,*,"","Y","Y","Extension
","Extensions that cannot be ignored","May be used to represent additional information that is not part of the basic definition of the element, and that modifies the understanding of the element that contains it. Usually modifier elements provide negation or qualification. In order to make the use of extensions safe and manageable, there is a strict set of governance applied to the definition and use of extensions. Though any implementer is allowed to define an extension, there is a set of requirements that SHALL be met as part of the definition of the extension. Applications processing a resource are required to check for modifier extensions.","There can be no stigma associated with the use of extensions by any application, project, or standard - regardless of the institution or jurisdiction that uses or defines the extensions.  The use of extensions is what allows the FHIR specification to retain a core level of simplicity for everyone.","","","","","","","","",,,,,"",,,,"BackboneElement.modifierExtension",0,*,"","","N/A"
"Questionnaire.item.option.value[x]","","","",1,1,"","","","integer
datetimestringCoding","Answer value","A potential answer that's allowed as the answer to this question.","The data type of the value must agree with the item.type.","","","","","","","","",,"example","Allowed values to answer questions.","http://hl7.org/fhir/ValueSet/questionnaire-answers","",,,,"Questionnaire.item.option.value[x]",1,1,"","","N/A - MIF rather than RIM level"
"Questionnaire.item.initial[x]","","","",0,1,"","","","boolean
decimalintegerdatedateTimetimestringuriAttachmentCodingQuantityReference {http://hl7.org/fhir/StructureDefinition/Resource}","Default value when item is first rendered","The value that should be defaulted when initially rendering the questionnaire for user input.","The user is allowed to change the value and override the default (unless marked as read-only). If the user doesn't change the value, then this initial value will be persisted when the QuestionnaireResponse is initially created.  Note that default values can influence results.

The data type of initial[x] must agree with the item.type.","In some workflows, having defaults saves time.","","","","","","","",,"example","Allowed values to answer questions.","http://hl7.org/fhir/ValueSet/questionnaire-answers","",,,,"Questionnaire.item.initial[x]",0,1,"que-8
","","N/A - MIF rather than RIM level"
"Questionnaire.item.item","","","",0,*,"","","","","Nested questionnaire items","Text, questions and other groups to be nested beneath a question or group.","There is no specified limit to the depth of nesting.  However, Questionnaire authors are encouraged to consider the impact on the user and user interface of overly deep nesting.","Reports can consist of complex nested groups.","","","","","","","",,,,,"",,,,"Questionnaire.item.item",0,*,"que-1
","",".outboundRelationship[typeCode=COMP].target"
"Questionnaire.item","item3","","",1,*,"","","","BackboneElement
","item","SHALL contain at least one [1..*] item (CONF:3347-272) such that it","The content of the questionnaire is constructed from an ordered, hierarchical collection of items.","","","","","","","","",,,,,"",,,,"Questionnaire.item",0,*,"que-3
","ele-1:All FHIR elements must have a @value or children {hasValue() | (children().count() > id.count())}
que-9:Read-only can't be specified for ""display"" items {type!='display' or readOnly.empty()}que-8:Default values can't be specified for groups or display items {(type!='group' and type!='display') or initial.empty()}que-6:Required and repeat aren't permitted for display items {type!='display' or (required.empty() and repeats.empty())}que-5:Only 'choice' items can have options {(type ='choice' or type = 'open-choice') or (options.empty() and option.empty())}que-4:A question cannot have both option and options {option.empty() or options.empty()}que-3:Display items cannot have a ""code"" asserted {type!='display' or code.empty()}que-10:Maximum length can only be declared for simple question types {(type in ('boolean' | 'decimal' | 'integer' | 'string' | 'text' | 'url')) or maxLength.empty()}que-1:Group items must have nested items, display items cannot have nested items {(type='group' implies item.empty().not()) and (type.trace('type')='display' implies item.trace('item').empty())}",".outboundRelationship[typeCode=COMP].target[classCode=OBS, moodCode=DEF]"
"Questionnaire.item.id","","","",0,1,"","","","string
","xml:id (or equivalent in JSON)","unique id for the element within a resource (for internal references). This may be any string value that does not contain spaces.","","","","","","","","","",,,,,"",,,,"Element.id",0,1,"","","n/a"
"Questionnaire.item.extension","","","",1,1,"","","","Extension {http://hl7.org/fhir/us/hai/StructureDefinition/questionnaire-item-note}
","extension","SHALL contain exactly one [1..1] questionnaire-item-note (identifier: http://hl7.org/fhir/us/hai/StructureDefinition/questionnaire-item-note) (CONF:3347-273).","","","","","","","","","",,,,,"",,,,"Element.extension",0,*,"ele-1
","ele-1:All FHIR elements must have a @value or children {hasValue() | (children().count() > id.count())}
ext-1:Must have either extensions or value[x], not both {extension.exists() != value.exists()}"
"Questionnaire.item.modifierExtension","","extensions
user contentmodifiers","",0,*,"","Y","Y","Extension
","Extensions that cannot be ignored","May be used to represent additional information that is not part of the basic definition of the element, and that modifies the understanding of the element that contains it. Usually modifier elements provide negation or qualification. In order to make the use of extensions safe and manageable, there is a strict set of governance applied to the definition and use of extensions. Though any implementer is allowed to define an extension, there is a set of requirements that SHALL be met as part of the definition of the extension. Applications processing a resource are required to check for modifier extensions.","There can be no stigma associated with the use of extensions by any application, project, or standard - regardless of the institution or jurisdiction that uses or defines the extensions.  The use of extensions is what allows the FHIR specification to retain a core level of simplicity for everyone.","","","","","","","","",,,,,"",,,,"BackboneElement.modifierExtension",0,*,"","","N/A"
"Questionnaire.item.linkId","","","",1,1,"","","","string
","Unique id for item in questionnaire","An identifier that is unique within the Questionnaire allowing linkage to the equivalent item in a QuestionnaireResponse resource.","This ''can'' be a meaningful identifier (e.g. a LOINC code) but is not intended to have any meaning.  GUIDs or sequential numbers are appropriate here.","[QuestionnaireResponse](questionnaireresponse.html#) does not require omitted items to be included and may have some items that repeat, so linkage based on position alone is not sufficient.","","","","","","","",,,,,"",,,,"Questionnaire.item.linkId",1,1,"","",".id"
"Questionnaire.item.definition","","","",0,1,"","","","uri
","ElementDefinition - details for the item","A reference to an [ElementDefinition](elementdefinition.html) that provides the details for the item. If a definition is provided, then the following element values can be inferred from the definition: 

* code (ElementDefinition.code)
* type (ElementDefinition.type)
* required (ElementDefinition.min)
* repeats (ElementDefinition.max)
* maxLength (ElementDefinition.maxLength)
* options (ElementDefinition.binding)

Any information provided in these elements on a Questionnaire Item overrides the information from the definition.","the URI refers to an ElementDefinition in [StructureDefinition](structuredefinition.html#) and always starts with the canonical URL for the target resource. When referring to a StructureDefinition, a fragment identifier is used to specify the element definition by its id [Element.id](element-definitions.html#Element.id). E.g. http://hl7.org/fhir/StructureDefinition/Observation#Observation.value[x]. In the absence of a fragment identifier, the first/root element definition in the target is the matching element definition.","A common pattern is to define a set of data elements and then build multiple questionnaires for different circumstances to gather the data. This element provides traceability to the common definition and allows the content for the question to come from the underlying definition.","","","","","","","",,,,,"",,,,"Questionnaire.item.definition",0,1,"","",".outboundRelationship[typeCode=INST].target[classCode=OBS, moodCode=DEF]"
"Questionnaire.item.code","","","",0,*,"","","Y","Coding
","Corresponding concept for this item in a terminology","A terminology code that corresponds to this group or question (e.g. a code from LOINC, which defines many questions and answers).","The value may come from the ElementDefinition referred to by .definition.","Allows linking of groups of questions to formal terminologies.","","","","","","","",,"example","Codes for questionnaires, groups and individual questions","http://hl7.org/fhir/ValueSet/questionnaire-questions","",,,,"Questionnaire.item.code",0,*,"que-3
","",".code"
"Questionnaire.item.prefix","","label
","",0,1,"","","","string
","E.g. ""1(a)"", ""2.5.3""","A short label for a particular group, question or set of display text within the questionnaire used for reference by the individual completing the questionnaire.","These are generally unique within a questionnaire, though this is not guaranteed. Some questionnaires may have multiple questions with the same label with logic to control which gets exposed.

Typically these won't be used for ""display"" items, though such use is not prohibited.

Systems SHOULD NOT generate their own prefixes if prefixes are defined for any items within a Questionnaire.","Separating the label from the question text allows improved rendering.  Also, instructions will often refer to specific prefixes, so there's a need for the questionnaire design to have control over what labels are used.","","","","","","","",,,,,"",,,,"Questionnaire.item.prefix",0,1,"","","Not supported"
"Questionnaire.item.text","","","",1,1,"","","Y","string
","text","SHALL contain exactly one [1..1] text (CONF:3347-274).","","","","","","","","","",,,,,"",,,,"Questionnaire.item.text",0,1,"","",".text"
"Questionnaire.item.type","","","",1,1,"","","","code
","group | display | boolean | decimal | integer | date | dateTime +","The type of questionnaire item this is - whether text for display, a grouping of other items or a particular type of data to be captured (string, integer, coded choice, etc.).","Additional constraints on the type of answer can be conveyed by extensions. The value may come from the ElementDefinition referred to by .definition.","Defines the format in which the user is to be prompted for the answer.","","","","","","","",,"required","Distinguishes groups from questions and display text and indicates data type for questions","http://hl7.org/fhir/ValueSet/item-type","",,,,"Questionnaire.item.type",1,1,"","","N/A - MIF rather than RIM level"
"Questionnaire.item.enableWhen","","","",0,*,"","Y","Y","BackboneElement
","Only allow data when","A constraint indicating that this item should only be enabled (displayed/allow answers to be captured) when the specified condition is true.","If multiple repetitions of this extension are present, the item should be enabled when the condition for *any* of the repetitions is true.  I.e. treat ""enableWhen""s as being joined by an ""or"" clause.

This element is a modifier because if enableWhen is present for an item, ""required"" is ignored unless one of the enableWhen conditions is met.","Allows questionnaires to adapt based on answers to other questions. E.g. If physical gender is specified as a male, no need to capture pregnancy history.  Also allows conditional display of instructions or groups of questions.","","","","","","","",,,,,"",,,,"Questionnaire.item.enableWhen",0,*,"","ele-1:All FHIR elements must have a @value or children {hasValue() | (children().count() > id.count())}
que-7:enableWhen must contain either a 'answer' or a 'hasAnswer' element {hasAnswer.exists() xor answer.exists()}","N/A - MIF rather than RIM level"
"Questionnaire.item.enableWhen.id","","","",0,1,"","","","string
","xml:id (or equivalent in JSON)","unique id for the element within a resource (for internal references). This may be any string value that does not contain spaces.","","","","","","","","","",,,,,"",,,,"Element.id",0,1,"","","n/a"
"Questionnaire.item.enableWhen.extension","","extensions
user content","",0,*,"","","","Extension
","Additional Content defined by implementations","May be used to represent additional information that is not part of the basic definition of the element. In order to make the use of extensions safe and manageable, there is a strict set of governance  applied to the definition and use of extensions. Though any implementer is allowed to define an extension, there is a set of requirements that SHALL be met as part of the definition of the extension.","There can be no stigma associated with the use of extensions by any application, project, or standard - regardless of the institution or jurisdiction that uses or defines the extensions.  The use of extensions is what allows the FHIR specification to retain a core level of simplicity for everyone.","","","","","","","","",,,,,"",,,,"Element.extension",0,*,"","","n/a"
"Questionnaire.item.enableWhen.modifierExtension","","extensions
user contentmodifiers","",0,*,"","Y","Y","Extension
","Extensions that cannot be ignored","May be used to represent additional information that is not part of the basic definition of the element, and that modifies the understanding of the element that contains it. Usually modifier elements provide negation or qualification. In order to make the use of extensions safe and manageable, there is a strict set of governance applied to the definition and use of extensions. Though any implementer is allowed to define an extension, there is a set of requirements that SHALL be met as part of the definition of the extension. Applications processing a resource are required to check for modifier extensions.","There can be no stigma associated with the use of extensions by any application, project, or standard - regardless of the institution or jurisdiction that uses or defines the extensions.  The use of extensions is what allows the FHIR specification to retain a core level of simplicity for everyone.","","","","","","","","",,,,,"",,,,"BackboneElement.modifierExtension",0,*,"","","N/A"
"Questionnaire.item.enableWhen.question","","","",1,1,"","","","string
","Question that determines whether item is enabled","The linkId for the question whose answer (or lack of answer) governs whether this item is enabled.","If multiple question occurrences are present for the same question (same linkId), then this refers to the nearest question occurrence reachable by tracing first the ""ancestor"" axis and then the ""preceding"" axis and then the ""following"" axis.","","","","","","","","",,,,,"",,,,"Questionnaire.item.enableWhen.question",1,1,"","","N/A - MIF rather than RIM level"
"Questionnaire.item.enableWhen.hasAnswer","","","",0,1,"","","","boolean
","Enable when answered or not","An indication that this item should be enabled only if the specified question is answered (hasAnswer=true) or not answered (hasAnswer=false).","If answered=false and answer values are also provided, then they are treated as ""or"".  I.e. ""Enable if the question is unanswered or the answer is one of the specified values"".  If answered=true and answers are present, one of the specified answers must be met. (So there's little reason to specify answered=true if answers are present.).","","","","","","","","",,,,,"",,,,"Questionnaire.item.enableWhen.hasAnswer",0,1,"que-7
","","N/A - MIF rather than RIM level"
"Questionnaire.item.enableWhen.answer[x]","","","",0,1,"","","","boolean
decimalintegerdatedateTimetimestringuriAttachmentCodingQuantityReference {http://hl7.org/fhir/StructureDefinition/Resource}","Value question must have","An answer that the referenced question must match in order for the item to be enabled.","Multiple answers are treated as ""or"".  E.g. Enable if question 1 = A, C or E.  

Components not specified in the answer do not need to match.  For example, if enableWhen specifies code + system for a Coding, it is ok if the answer has a ""display"" element.  I.e. treat the answer as a 'pattern'.

The dataType of this element must be the same as the data type of the question being referenced.","","","","","","","","",,"example","Allowed values to answer questions.","http://hl7.org/fhir/ValueSet/questionnaire-answers","",,,,"Questionnaire.item.enableWhen.answer[x]",0,1,"que-7
","","N/A - MIF rather than RIM level"
"Questionnaire.item.required","","","",0,1,"","","","boolean
","Whether the item must be included in data results","An indication, if true, that the item must be present in a ""completed"" QuestionnaireResponse.  If false, the item may be skipped when answering the questionnaire.","Questionnaire.item.required only has meaning for elements that are conditionally enabled with enableWhen if the condition evaluates to true.  If an item that contains other items is marked as required, that does not automatically make the contained elements required (though required groups must contain at least one child element). The value may come from the ElementDefinition referred to by .definition.","","<valueBoolean xmlns=""http://hl7.org/fhir"" value=""false""/>","","","","","","",,,,,"",,,,"Questionnaire.item.required",0,1,"que-6
","","N/A - MIF rather than RIM level"
"Questionnaire.item.repeats","","","",0,1,"","","","boolean
","Whether the item may repeat","An indication, if true, that the item may occur multiple times in the response, collecting multiple answers answers for questions or multiple sets of answers for groups.","If a question is marked as repeats=true, then multiple answers can be provided for the question in the corresponding QuestionnaireResponse.  When rendering the questionnaire, it is up to the rendering software whether to render the question text for each answer repetition or to simply list each of the answers beneath the question.  (Which is most appropriate visually may depend on the type of answer as well as whether there are nested items.). The value may come from the ElementDefinition referred to by .definition.","Items may be used to create set of (related) questions that can be repeated to give multiple answers to such a set.","<valueBoolean xmlns=""http://hl7.org/fhir"" value=""false""/>","","","","","","",,,,,"",,,,"Questionnaire.item.repeats",0,1,"que-6
","","N/A - MIF rather than RIM level"
"Questionnaire.item.readOnly","","","",0,1,"","","","boolean
","Don't allow human editing","An indication, when true, that the value cannot be changed by a human respondent to the Questionnaire.","The value of readOnly elements can be established by asserting  extensions for defaultValues, linkages that support pre-population and/or extensions that support calculation based on other answers.","Allows certain information to be phrased (and rendered) as a question and an answer, while keeping users from changing it.  May also be useful for preventing changes to pre-populated portions of a questionnaire, for calculated values, etc.","","","","","","","",,,,,"",,,,"Questionnaire.item.readOnly",0,1,"que-9
","","N/A - MIF rather than RIM level"
"Questionnaire.item.maxLength","","","",0,1,"","","","integer
","No more than this many characters","The maximum number of characters that are permitted in the answer to be considered a ""valid"" QuestionnaireResponse.","For base64binary, reflects the number of characters representing the encoded data, not the number of bytes of the binary data. The value may come from the ElementDefinition referred to by .definition.","","","","","","","","",,,,,"",,,,"Questionnaire.item.maxLength",0,1,"que-10
","","N/A - MIF rather than RIM level","N/A"
"Questionnaire.item.options","","","",0,1,"","","","Reference {http://hl7.org/fhir/StructureDefinition/ValueSet}
","Valueset containing permitted answers","A reference to a value set containing a list of codes representing permitted answers for a ""choice"" or ""open-choice"" question.","LOINC defines many useful value sets for questionnaire responses. See [LOINC Answer Lists](loinc.html#alist). The value may come from the ElementDefinition referred to by .definition.","","","","","","","","",,,,,"",,,,"Questionnaire.item.options",0,1,"que-4
que-5","","N/A - MIF rather than RIM level"
"Questionnaire.item.option","","","",0,*,"","","","BackboneElement
","Permitted answer","One of the permitted answers for a ""choice"" or ""open-choice"" question.","This element can be used when the value set machinery of options is deemed too cumbersome or when there's a need to capture options that are not codes.","","","","","","","","",,,,,"",,,,"Questionnaire.item.option",0,*,"que-4
que-5","ele-1:All FHIR elements must have a @value or children {hasValue() | (children().count() > id.count())}
","N/A - MIF rather than RIM level"
"Questionnaire.item.option.id","","","",0,1,"","","","string
","xml:id (or equivalent in JSON)","unique id for the element within a resource (for internal references). This may be any string value that does not contain spaces.","","","","","","","","","",,,,,"",,,,"Element.id",0,1,"","","n/a"
"Questionnaire.item.option.extension","","extensions
user content","",0,*,"","","","Extension
","Additional Content defined by implementations","May be used to represent additional information that is not part of the basic definition of the element. In order to make the use of extensions safe and manageable, there is a strict set of governance  applied to the definition and use of extensions. Though any implementer is allowed to define an extension, there is a set of requirements that SHALL be met as part of the definition of the extension.","There can be no stigma associated with the use of extensions by any application, project, or standard - regardless of the institution or jurisdiction that uses or defines the extensions.  The use of extensions is what allows the FHIR specification to retain a core level of simplicity for everyone.","","","","","","","","",,,,,"",,,,"Element.extension",0,*,"","","n/a"
"Questionnaire.item.option.modifierExtension","","extensions
user contentmodifiers","",0,*,"","Y","Y","Extension
","Extensions that cannot be ignored","May be used to represent additional information that is not part of the basic definition of the element, and that modifies the understanding of the element that contains it. Usually modifier elements provide negation or qualification. In order to make the use of extensions safe and manageable, there is a strict set of governance applied to the definition and use of extensions. Though any implementer is allowed to define an extension, there is a set of requirements that SHALL be met as part of the definition of the extension. Applications processing a resource are required to check for modifier extensions.","There can be no stigma associated with the use of extensions by any application, project, or standard - regardless of the institution or jurisdiction that uses or defines the extensions.  The use of extensions is what allows the FHIR specification to retain a core level of simplicity for everyone.","","","","","","","","",,,,,"",,,,"BackboneElement.modifierExtension",0,*,"","","N/A"
"Questionnaire.item.option.value[x]","","","",1,1,"","","","integer
datetimestringCoding","Answer value","A potential answer that's allowed as the answer to this question.","The data type of the value must agree with the item.type.","","","","","","","","",,"example","Allowed values to answer questions.","http://hl7.org/fhir/ValueSet/questionnaire-answers","",,,,"Questionnaire.item.option.value[x]",1,1,"","","N/A - MIF rather than RIM level"
"Questionnaire.item.initial[x]","","","",0,1,"","","","boolean
decimalintegerdatedateTimetimestringuriAttachmentCodingQuantityReference {http://hl7.org/fhir/StructureDefinition/Resource}","Default value when item is first rendered","The value that should be defaulted when initially rendering the questionnaire for user input.","The user is allowed to change the value and override the default (unless marked as read-only). If the user doesn't change the value, then this initial value will be persisted when the QuestionnaireResponse is initially created.  Note that default values can influence results.

The data type of initial[x] must agree with the item.type.","In some workflows, having defaults saves time.","","","","","","","",,"example","Allowed values to answer questions.","http://hl7.org/fhir/ValueSet/questionnaire-answers","",,,,"Questionnaire.item.initial[x]",0,1,"que-8
","","N/A - MIF rather than RIM level"
"Questionnaire.item.item","","","",0,*,"","","","","Nested questionnaire items","Text, questions and other groups to be nested beneath a question or group.","There is no specified limit to the depth of nesting.  However, Questionnaire authors are encouraged to consider the impact on the user and user interface of overly deep nesting.","Reports can consist of complex nested groups.","","","","","","","",,,,,"",,,,"Questionnaire.item.item",0,*,"que-1
","",".outboundRelationship[typeCode=COMP].target"
